{
  "n_gold": 145,
  "n_pred": 136,
  "true_positive": 44,
  "precision": 0.3235294117647059,
  "recall": 0.30344827586206896,
  "f1": 0.31316725978647686,
  "title_hit_rate": 0.31976744186046513,
  "page_hit_rate": 0.31976744186046513
}