{
  "n_gold": 145,
  "n_pred": 146,
  "true_positive": 97,
  "precision": 0.6643835616438356,
  "recall": 0.6689655172413793,
  "f1": 0.6666666666666666,
  "title_hit_rate": 0.6686046511627907,
  "page_hit_rate": 0.6686046511627907
}